{"cameraMode":{"drawMode":0,"name":"Shaded","section":"Shading Mode"},"sceneLighting":false,"audioPlay":false,"sceneViewState":{"showFog":true,"showMaterialUpdate":false,"showSkybox":false,"showFlares":true,"showImageEffects":true,"showParticleSystems":true},"in2DMode":false,"pivot":{"x":0.0,"y":0.5000000596046448,"z":-5.960464477539063e-8},"rotation":{"x":0.10934716463088989,"y":-0.23620820045471192,"z":0.02675491012632847,"w":0.9651808142662048},"size":0.5000000596046448,"orthographic":false}