{"cameraMode":{"drawMode":0,"name":"Shaded","section":"Shading Mode"},"sceneLighting":true,"audioPlay":false,"sceneViewState":{"showFog":true,"showMaterialUpdate":false,"showSkybox":true,"showFlares":true,"showImageEffects":true,"showParticleSystems":true},"in2DMode":false,"pivot":{"x":23.999053955078126,"y":0.35438990592956545,"z":28.254056930541993},"rotation":{"x":0.28228482604026797,"y":-0.48899221420288088,"z":0.1709507554769516,"w":0.8074811697006226},"size":2.4442107677459719,"orthographic":false}