{"cameraMode":{"drawMode":0,"name":"Shaded","section":"Shading Mode"},"sceneLighting":true,"audioPlay":false,"sceneViewState":{"showFog":true,"showMaterialUpdate":false,"showSkybox":true,"showFlares":true,"showImageEffects":true,"showParticleSystems":true},"in2DMode":false,"pivot":{"x":20.36749267578125,"y":-0.7192215919494629,"z":33.18706130981445},"rotation":{"x":0.2251284271478653,"y":-0.29826122522354128,"z":0.07261335849761963,"w":0.9247229099273682},"size":4.63990592956543,"orthographic":false}